DNI,Nombre,Ocupacion,Estado Civil,Ingreso Mensual,Edad,Sexo
46330860,Caridad Lago Farre,Cientifico,Casado/a,15414,37,M
18834907,Paola Aparicio,Gerente,Casado/a,1966,73,F
1753152,Amador del Matas,Analista de datos,Divorciado/a,1650,19,F
94142554,Aristides Fabra Aguirre,Medico,Soltero/a,1759,80,F
65210483,Lara Olmo-Santamaria,Medico,Soltero/a,17974,46,F
60598918,Leandra Moll Arjona,Disenador,Divorciado/a,4971,46,F
8061086,Melania Alarcon Cases,Ingeniero,Casado/a,6437,32,F
10844715,Marcio de Palmer,Actor,Casado/a,3873,70,F
35308624,Patricio de Pujadas,Psicologo,Casado/a,9688,30,F
55066240,Josefina Goicoechea-Valero,Comerciante,Soltero/a,2628,67,F
46960524,Ema Paz Novoa Parra,Cientifico,Divorciado/a,16457,22,M
71480103,Ruben Calderon,Biotecnologo,Divorciado/a,14739,70,F
23908656,Eric Ropero Pinedo,Ingeniero,Casado/a,3609,73,F
60219612,Haroldo Prieto,Tecnico de laboratorio,Divorciado/a,1862,30,M
1101473,Damian Belmonte Salgado,Futbolista,Divorciado/a,13009,50,M
63613665,Rolando Sabas Lobato Huertas,Contador,Soltero/a,1376,28,F
50056242,Edu Rodriguez Otero,Abogado,Divorciado/a,5637,80,F
22754017,Febe Quiros,Veterinario,Viudo/a,4796,67,F
34545683,Atilio Abad Abellan,Enfermero,Soltero/a,3306,19,M
98014139,Sancho Sierra Cepeda,Arquitecto,Soltero/a,1454,55,M
8113328,Alfonso del Chamorro,Bombero,Soltero/a,1289,52,M
36201229,Lope Manu Sosa Tomas,Abogado,Casado/a,12270,47,M
66463056,Renata Salcedo,Actor,Viudo/a,1060,22,F
66627723,Estrella Valera Guillen,Cantante,Soltero/a,6329,20,F
89923781,Flor Espada Noriega,Agricultor,Casado/a,8399,18,M
71868768,Alfredo Iborra Marin,Ingeniero,Casado/a,6077,54,M
79706335,Valentina de Jimenez,Gerente,Viudo/a,16238,41,F
94366956,Candela Catalan-Pinilla,Fotografo,Divorciado/a,8392,34,M
82441461,Marco Ricart Moraleda,Contador,Casado/a,5313,48,M
32180651,Haroldo Garate Barrios,Tecnico de laboratorio,Soltero/a,4321,79,F
58632202,Carmelita Marco Zamora,Actor,Divorciado/a,13114,21,M
7050654,Yesica Carreras Grande,Psicologo,Divorciado/a,1917,49,F
13380429,Nestor Alvaro Exposito,Analista de datos,Casado/a,1984,79,F
94300305,Remigio Toni Blazquez Crespo,Arquitecto,Viudo/a,1172,65,M
75340765,Calixto Verdu Urena,Consultor,Soltero/a,7514,22,M
98305367,Herberto Armengol Pedrero,Arquitecto,Soltero/a,8539,66,F
91006826,Dora Perlita Mata Carbonell,Carpintero,Casado/a,13106,76,F
52363564,Basilio Novoa Mayol,Docente,Viudo/a,1502,40,M
43490140,Tiburcio Salas-Castro,Contador,Soltero/a,5343,49,M
34864232,Chus Macias Cortes,Cientifico,Divorciado/a,14750,26,F
41867819,Lazaro Espiridion Blanes Linares,Medico,Casado/a,6552,68,F
2078430,Manola Palau Zabala,Futbolista,Soltero/a,2262,67,M
18422241,Valentin Morante-Prats,Tecnico de laboratorio,Soltero/a,3752,76,M
11970714,Lupe Joel Peral Bayo,Consultor,Casado/a,8330,44,M
81508362,Diego Jose Maria Jorda Peralta,Biotecnologo,Soltero/a,2610,53,M
53417785,Samuel Milla Rio,Bombero,Soltero/a,7258,58,M
32675223,Demetrio Yanez-Saez,Marketing Digital,Viudo/a,5173,62,M
10555454,Lino Diaz Noriega,Electricista,Casado/a,1469,65,F
81505072,Marc Ripoll,Carpintero,Casado/a,9007,70,M
64437625,Martin de Arana,Electricista,Casado/a,2824,55,M
88404731,Maxi Duenas-Espada,Futbolista,Divorciado/a,3636,22,F
83154868,Julian Espinosa Costa,Policia,Soltero/a,1913,24,M
35600794,Eva Luz Segovia,Policia,Casado/a,1660,29,F
86296374,Calisto Graciano Vives Aramburu,Cantante,Soltero/a,1127,60,M
25680853,Victoria Ortega Rosello,Enfermero,Casado/a,8375,37,M
17131161,Ursula Olivares Quevedo,Carpintero,Viudo/a,1662,30,F
58087362,Inocencio Arana Zurita,Biotecnologo,Casado/a,19944,39,M
95462328,Prudencio Carbajo Aragones,Disenador,Soltero/a,15046,75,F
64475977,Fortunato Pinilla Espana,Medico,Soltero/a,16968,49,M
93226786,Cristobal Mur Sabater,Marketing Digital,Soltero/a,13451,79,F
24379601,Flor Priego-Velazquez,Gerente,Viudo/a,1353,65,M
78899143,Lucio Quiros Morell,Chef,Viudo/a,2433,32,M
32092121,Anunciacion Bautista Cervantes,Enfermero,Divorciado/a,4763,20,F
13317702,Purificacion Herrero Iglesia,Docente,Casado/a,6586,76,F
92424709,Loreto de Salamanca,Bombero,Viudo/a,15064,32,M
14731625,Odalis Blanca Caballero,Chef,Casado/a,8291,78,F
55979360,Bernardita de Ros,Fotografo,Casado/a,9087,41,M
82701583,Estrella Cortina Llamas,Contador,Soltero/a,16911,21,M
47434627,Anastasia Marin Canete,Docente,Viudo/a,6829,29,F
45378936,Encarna Castaneda Cadenas,Chef,Soltero/a,2446,77,M
95055121,Tono Corral,Psicologo,Divorciado/a,1553,45,F
35861368,Rosalinda Nuria Barrena Daza,Comerciante,Casado/a,5710,49,F
28757211,Marisa Serna Alcala,Consultor,Casado/a,7401,41,F
27538242,Ricarda Natividad Carretero Ibanez,Cantante,Viudo/a,2639,63,F
17328101,Calixta Pedrero Segarra,Ingeniero,Viudo/a,8082,19,M
65882512,Violeta de Rossello,Psicologo,Casado/a,1337,24,M
82451563,Lucia Ruperta Torralba Millan,Docente,Divorciado/a,6059,64,F
47260577,Nicodemo Dominguez Suarez,Disenador,Soltero/a,7154,58,F
88645542,Dorotea Rodriguez,Arquitecto,Casado/a,8479,51,F
32990538,Eloy Javier Valenzuela Mesa,Chef,Divorciado/a,4981,34,F
4720610,Alfonso Jimenez Guzman,Cantante,Divorciado/a,2028,53,F
32150574,Anibal Paredes Romero,Plomero,Soltero/a,5292,48,F
79231696,Melchor Feijoo Gamez,Contador,Casado/a,9348,34,M
82241875,Jenny Comas,Agricultor,Divorciado/a,19284,68,F
46788661,Isaias Berenguer Velasco,Futbolista,Viudo/a,10226,56,F
58862131,Claudia Osuna Torrecilla,Programador,Soltero/a,3561,53,M
10039166,Ildefonso Manuel Segui,Ingeniero,Casado/a,6297,55,F
62645861,Adelia Palau-Roldan,Cientifico,Casado/a,1318,73,F
57165305,Genoveva Julie Tomas Barroso,Arquitecto,Viudo/a,3266,40,M
5912412,Priscila Balaguer Catalan,Fotografo,Viudo/a,2799,23,F
39873102,Carlota Elorza Guardia,Biotecnologo,Viudo/a,14291,69,M
50583693,Rogelio Segarra Roman,Psicologo,Casado/a,2971,78,M
83801430,Felisa Segura Segura,Carpintero,Viudo/a,1611,76,F
4949811,Melchor Canals-Pino,Cantante,Soltero/a,2027,59,F
3446810,Narcisa de Nicolau,Arquitecto,Casado/a,8298,53,F
13735972,Guiomar Prats Manzanares,Comerciante,Viudo/a,3410,71,F
26573273,Noelia Mendez Cerro,Docente,Viudo/a,19877,36,M
8428536,Graciela Valentin Rivera,Psicologo,Soltero/a,5778,40,M
16471671,Carina Visitacion Ferrandez Duque,Contador,Viudo/a,6324,54,M
78466830,Felicidad Tirado Aguilera,Chef,Divorciado/a,5611,31,F
22033570,Eleuterio de Puig,Arquitecto,Divorciado/a,1686,62,M
53347995,Matilde Llado Albero,Marketing Digital,Casado/a,2537,43,M
97434451,Martin Mercader Cespedes,Cientifico,Soltero/a,17137,58,F
45393242,Florencio Dimas Anaya Cantero,Psicologo,Soltero/a,1343,34,F
80258100,Ascension Rosado,Comerciante,Divorciado/a,1593,38,M
39601952,Araceli Falcon Sainz,Chef,Soltero/a,5332,49,F
38789414,Teresa Elorza,Policia,Soltero/a,5578,65,M
67389204,Alonso Puga-Rios,Biotecnologo,Divorciado/a,2764,62,M
23726674,Milagros Ropero Alegria,Biotecnologo,Casado/a,8728,28,F
78677157,Toni Torrens-Busquets,Policia,Divorciado/a,4805,75,M
81268950,Encarnacion Becerra Manuel,Veterinario,Soltero/a,2968,47,M
33391437,Emma Miguel,Tecnico de laboratorio,Divorciado/a,1925,43,M
39077160,Cecilia Sanjuan,Actor,Soltero/a,2195,68,M
82034402,Claudio Llano-Checa,Agricultor,Viudo/a,9528,22,M
18009049,Eduardo Casal Cabeza,Consultor,Soltero/a,9327,33,M
96705796,Melchor Guadalupe Cerezo Sabater,Cantante,Divorciado/a,6292,80,M
60584343,Fabian Echevarria Gisbert,Disenador,Casado/a,1681,69,M
68780023,Valerio Valero,Programador,Viudo/a,14268,21,M
8017522,Modesto Candido Sanchez Polo,Actor,Soltero/a,1850,59,M
31554727,Rolando Minguez Ferran,Plomero,Soltero/a,1911,62,M
41661315,Ernesto Cordero,Contador,Casado/a,9912,48,F
71144256,Hector Sureda Garrido,Fotografo,Casado/a,3774,76,M
88320060,Vicente Gisbert Donoso,Futbolista,Casado/a,2818,23,M
75610792,Angelina Alcolea Escriva,Enfermero,Casado/a,14223,18,F
3496872,Paulino Cuevas Viana,Policia,Divorciado/a,2787,31,M
94594479,Nydia Mateu Olmedo,Arquitecto,Divorciado/a,6207,51,M
55357026,Florentino Cal-Espinosa,Electricista,Soltero/a,12177,44,M
83729743,Rene Tomas-Saura,Abogado,Viudo/a,6681,60,F
43807541,Benito Blanca,Policia,Divorciado/a,1910,19,F
32888526,Felicidad Marin,Contador,Divorciado/a,1871,76,F
26923145,Leocadio Cabrero-Alcazar,Cantante,Casado/a,15497,28,F
28493429,Marianela Domitila Serrano Benitez,Ingeniero,Viudo/a,11042,69,F
14625014,Amaro Rafa Marmol Vinas,Veterinario,Divorciado/a,5748,55,M
85348072,Tania Padilla Pinilla,Enfermero,Divorciado/a,4460,37,M
74126396,Silvia Candida Elias Sarmiento,Abogado,Casado/a,17078,39,F
29094565,Dalila Marco Sole,Consultor,Viudo/a,17840,34,M
23819554,Morena Pedro,Chef,Viudo/a,3273,53,F
28808720,Teodora Diaz Olive,Agricultor,Soltero/a,14082,56,F
6649995,Concha Santamaria Arnal,Cantante,Viudo/a,6622,54,F
84913798,Aurelia Alvarez Aragones,Comerciante,Casado/a,6364,64,M
944251,Carlota Benavides Aliaga,Comerciante,Viudo/a,12740,69,M
54726030,Osvaldo Alegria Noguera,Cientifico,Soltero/a,1005,52,M
47586262,Manola Palmira Soto Valverde,Consultor,Soltero/a,4074,45,F
59547496,Bruno Gimenez-Acedo,Chef,Viudo/a,19825,53,F
40041870,Macario del Sanchez,Ingeniero,Soltero/a,13137,55,F
49133598,Nydia Cardona Yuste,Futbolista,Soltero/a,15191,44,M
98076704,Alondra Canete Vizcaino,Marketing Digital,Casado/a,4845,31,F
72333397,Emigdio Velazquez Barbero,Carpintero,Soltero/a,3581,68,F
84126800,Maura Llorente Hernando,Consultor,Viudo/a,11161,32,M
23144826,Asdrubal Salmeron Arenas,Electricista,Divorciado/a,9067,30,F
22331739,Sarita Cabello Ballesteros,Futbolista,Casado/a,1859,25,M
12477845,Reinaldo del Benet,Actor,Casado/a,8151,43,M
84957749,Danilo del Llamas,Cientifico,Viudo/a,9176,31,F
55018565,Elisa Carrion Ramis,Agricultor,Soltero/a,18094,69,M
12867006,Victorino Cabello Sevillano,Arquitecto,Divorciado/a,3200,77,F
96820903,Bernardita Navarro Angel,Electricista,Viudo/a,1591,77,F
55001246,Fortunato Gomis,Marketing Digital,Casado/a,5773,52,F
13423502,Urbano Alegre Carrasco,Cientifico,Viudo/a,9658,58,M
49955995,Maria Jose Angulo Capdevila,Marketing Digital,Casado/a,1936,62,F
71347371,Nerea Mora,Abogado,Divorciado/a,1537,26,M
50615352,Carmela Beltran Agusti,Veterinario,Soltero/a,7744,61,F
55748635,Tomasa Montalban-Nieto,Cantante,Soltero/a,1958,51,M
33362774,Brigida Tapia Ferrer,Psicologo,Soltero/a,19388,70,M
98443790,Vicente Zabala,Veterinario,Casado/a,2927,36,M
82156981,Tito del Alvarez,Gerente,Soltero/a,16523,41,M
61808115,Lupe Pinol,Cantante,Soltero/a,10117,25,F
91988648,Ciro Parra Castro,Arquitecto,Soltero/a,4127,23,F
75840153,Ainara Portillo,Policia,Divorciado/a,3554,71,M
61463870,Fidel Millan-Tome,Biotecnologo,Divorciado/a,18012,49,M
17715199,Erasmo Lozano Ramos,Arquitecto,Viudo/a,6385,63,F
11918622,Anita Girona Vera,Cantante,Divorciado/a,8552,39,F
54862257,Mayte de Bas,Contador,Soltero/a,9447,64,F
43100098,Roque Pavon Espinosa,Futbolista,Soltero/a,2282,72,F
25519462,Ulises Torralba Oliva,Programador,Casado/a,1831,59,M
8561083,Luis Miguel Moya Folch,Veterinario,Divorciado/a,1404,45,F
410403,Emiliana Cortina,Marketing Digital,Divorciado/a,2458,35,F
29369186,Ambrosio Uribe Font,Analista de datos,Soltero/a,15574,67,M
19597543,Rosalina Rios Corral,Biotecnologo,Soltero/a,8377,72,F
94491599,Amaro Arellano Lopez,Comerciante,Divorciado/a,2097,21,M
88048359,Debora Sanmartin,Electricista,Viudo/a,1550,41,F
37964076,Nieves Bustamante-Julian,Abogado,Casado/a,16305,46,F
39576989,Herberto Fortuny Cid,Cientifico,Divorciado/a,13977,66,F
13263059,Juan Francisco Larrea Portillo,Chef,Divorciado/a,1234,60,M
4792344,Nazario Melendez-Jurado,Biotecnologo,Casado/a,12248,21,M
4508563,Cintia Vilaplana Iborra,Actor,Soltero/a,1644,33,F
49591250,Alfonso Gil-Calvo,Psicologo,Casado/a,1481,33,M
89540125,Antonio Almagro Amador,Agricultor,Divorciado/a,1844,38,M
78212396,Sabina Jodar Paz,Electricista,Divorciado/a,1029,48,F
71085755,Jose Maria Celestino Castello Cozar,Electricista,Casado/a,2887,57,F
43997971,Tomasa Maza,Electricista,Divorciado/a,9391,70,M
78902452,Poncio de Redondo,Enfermero,Viudo/a,16894,23,M
64492371,Victorino Norberto Zaragoza Mora,Contador,Divorciado/a,2468,78,F
59291189,Cristian Olive Saez,Consultor,Soltero/a,6241,40,M
82772371,Petrona Piquer Jimenez,Biotecnologo,Soltero/a,3978,80,F
31158291,Cintia Llopis Velez,Abogado,Viudo/a,9236,56,M
68081564,Maximino Melendez Juan,Actor,Divorciado/a,4241,53,F
74072118,Ciro Landa Asensio,Contador,Divorciado/a,2414,23,M
475870,Rolando Palma Miguel,Plomero,Soltero/a,13270,36,M
657011,Emilio Navarro Paz,Analista de datos,Soltero/a,12487,28,F
19479568,Alex de Beltran,Docente,Divorciado/a,1971,68,M
4408240,Isabel del Miro,Arquitecto,Divorciado/a,17445,29,M
74255018,Juliana Vergara Alegria,Veterinario,Divorciado/a,1007,52,F
35614124,Fabio Catala Botella,Docente,Viudo/a,15269,22,M
17251790,Araceli Burgos Estevez,Bombero,Soltero/a,2886,28,M
6521862,Nazaret de Roldan,Disenador,Viudo/a,2092,64,F
63175535,Celestino Amo Velez,Cantante,Soltero/a,12442,66,F
49647773,Lope Higueras Carretero,Enfermero,Viudo/a,7512,49,F
28412050,Anselmo Lobo,Abogado,Viudo/a,1272,31,M
34060840,Jennifer Trujillo Tena,Consultor,Divorciado/a,16352,47,F
16594313,Samu Paco Company Tejada,Programador,Casado/a,18897,71,F
17847423,Susanita Camino-Echeverria,Consultor,Soltero/a,1567,39,F
11895723,Geraldo del Gargallo,Disenador,Casado/a,17115,69,M
38202964,Aroa Berrocal Posada,Electricista,Viudo/a,1155,44,F
80414207,Ramiro Granados Ramirez,Chef,Soltero/a,5595,62,M
88363472,Ursula Vergara,Agricultor,Soltero/a,4109,75,F
40324707,Belen Teresita Comas Puente,Disenador,Soltero/a,2476,30,F
98358272,Regulo Quintana Alvarez,Consultor,Casado/a,10662,26,F
41552582,Leopoldo Bustamante-Pons,Arquitecto,Soltero/a,5940,57,F
42424261,Paulino Jaen Puig,Abogado,Viudo/a,3256,33,M
60710922,Delfina Magdalena Mulet Medina,Gerente,Viudo/a,6289,37,M
98942772,Toni Gomez Galvan,Veterinario,Soltero/a,10709,19,M
33463593,Vera del Busquets,Tecnico de laboratorio,Soltero/a,6465,79,F
54581194,Bruno Agudo-Infante,Chef,Soltero/a,8882,79,M
537248,Luis Miguel Gimenez-Simo,Electricista,Viudo/a,8099,57,F
32171704,Natalia Arjona Marin,Carpintero,Divorciado/a,10117,58,M
62600019,Graciano Luis Angel Izaguirre Alfonso,Plomero,Casado/a,8134,38,M
59956999,Gloria Quintero Santana,Comerciante,Viudo/a,1224,39,F
61561544,Jordan Bustos Villar,Programador,Viudo/a,1822,70,F
79871705,Clarisa Ferran Hernando,Fotografo,Casado/a,2369,28,M
75832027,Nacho Tello Zapata,Contador,Soltero/a,7132,44,M
86025884,Rosalva Alcantara Leon,Enfermero,Viudo/a,12141,26,F
39403999,Epifanio Fulgencio Bonet Olive,Programador,Soltero/a,4122,61,F
51429758,Amor Redondo Gordillo,Docente,Soltero/a,7309,71,M
54227771,Javi Rivera-Pavon,Docente,Divorciado/a,11433,39,M
33818042,Anacleto Nunez Carpio,Medico,Casado/a,1136,79,M
97812476,Artemio Calatayud Bermejo,Cantante,Viudo/a,1402,38,F
83009902,Concha Saez Nogueira,Electricista,Soltero/a,6636,34,M
66936698,Albert Manrique-Jordan,Plomero,Viudo/a,6649,61,F
57359786,Jose Francisco del Abril,Veterinario,Viudo/a,3051,65,F
90204636,Vidal Villanueva Armas,Analista de datos,Divorciado/a,2037,35,F
59281043,Jose Ignacio Segura Daza,Enfermero,Divorciado/a,2489,72,M
95860354,Alonso Conde Mayo,Marketing Digital,Soltero/a,1456,58,F
41755927,Venceslas Pedraza Cases,Psicologo,Divorciado/a,5562,51,M
67245313,Miguel Pulido Torrijos,Enfermero,Soltero/a,2917,75,F
33255556,Benigna Paz Vicente Gargallo,Abogado,Divorciado/a,5100,31,M
62502065,Tadeo Valverde,Tecnico de laboratorio,Viudo/a,8738,39,F
26012620,Perla Sierra Ferrer,Disenador,Viudo/a,2807,62,F
98621978,Dafne Vega-Ferreras,Analista de datos,Viudo/a,1580,49,M
32212680,Julieta Roldan Torres,Marketing Digital,Casado/a,14275,63,M
88937482,Belen Franch Mata,Cantante,Viudo/a,4226,29,F
46180680,Wilfredo Roca Amores,Enfermero,Divorciado/a,8204,57,F
48508066,Olga Cordoba Anguita,Ingeniero,Casado/a,2155,80,F
6208974,Celestino Sola Tolosa,Futbolista,Casado/a,5603,74,M
3597146,Marcio Aramburu Pacheco,Marketing Digital,Divorciado/a,1087,42,F
51619228,Galo Uria,Chef,Soltero/a,1570,26,F
78497519,Nico Montalban Valero,Enfermero,Viudo/a,16024,38,M
85139821,Feliciana Morante,Cientifico,Divorciado/a,6332,26,M
13561330,Alonso Carpio Amor,Arquitecto,Casado/a,1980,22,M
81745909,Chus Abascal Lerma,Tecnico de laboratorio,Soltero/a,8913,40,F
41439985,Silvestre del Quesada,Cantante,Viudo/a,5841,25,M
46490617,Abigail Castellanos Cruz,Programador,Viudo/a,1691,48,M
93588134,Roque Collado,Tecnico de laboratorio,Divorciado/a,7152,69,F
59692762,Evangelina Teruel-Higueras,Medico,Casado/a,18530,33,F
2760434,Loreto de Grande,Biotecnologo,Casado/a,7085,20,M
46908263,Reyes Pareja-Fabregat,Chef,Soltero/a,9267,59,F
42363122,Chus Enriquez Valderrama,Agricultor,Soltero/a,5365,69,M
43871961,Asdrubal del Barbera,Consultor,Divorciado/a,9362,37,F
90164935,Che Hurtado Peral,Futbolista,Divorciado/a,1586,49,F
22243245,Candelaria Mas Cantero,Plomero,Soltero/a,2175,63,F
78284526,Raimundo Linares Hernando,Bombero,Soltero/a,6229,23,M
63089983,Cristian Marquez,Ingeniero,Divorciado/a,2108,61,M
43851283,Iker Valls Abellan,Arquitecto,Divorciado/a,1786,66,F
99062624,Candida Alarcon,Fotografo,Divorciado/a,1902,20,M
68073116,Eugenio Company Ferrandez,Actor,Viudo/a,2325,74,M
76252512,Luciana Ribes Agustin,Plomero,Divorciado/a,6891,37,F
68433267,Ismael Navarro Pina,Fotografo,Viudo/a,2192,68,F
83233671,Cirino Guadalupe Cazorla Lara,Plomero,Soltero/a,7308,37,F
71485583,Maricruz Santamaria Puig,Tecnico de laboratorio,Divorciado/a,4646,76,M
66556869,Nilda Cornejo Arevalo,Cientifico,Viudo/a,1906,42,F
58681270,Debora Pedraza Baron,Docente,Viudo/a,10800,21,F
34516309,Aitor Pastor Guardia,Enfermero,Casado/a,6376,65,F
53480709,Rodrigo Vallejo Jimenez,Gerente,Casado/a,2087,64,F
96966392,Elisa Modesta Fuentes Adan,Arquitecto,Casado/a,19507,61,F
85000400,David Ferrando Matas,Medico,Casado/a,11368,18,F
59790975,Salvador Pombo Canton,Policia,Casado/a,19577,57,M
32756054,Nacho Barral,Programador,Viudo/a,2764,71,M
58641720,Santiago Juarez Diez,Cientifico,Casado/a,1589,47,M
5100341,Onofre Cornejo Rodriguez,Cientifico,Divorciado/a,6584,54,F
85954873,Etelvina Cano-Montana,Programador,Casado/a,7674,64,M
7442717,Jose Maria Crespi Miranda,Ingeniero,Viudo/a,5500,60,M
87713203,Lorenzo Pino Moll,Psicologo,Casado/a,1053,52,F
8018869,Yesica del Bernal,Docente,Soltero/a,3732,22,F
32636835,Manu Soriano,Arquitecto,Viudo/a,3227,30,M
93297337,Calisto Ribera-Coello,Fotografo,Soltero/a,1348,63,F
59269057,Aitor Bustamante,Electricista,Divorciado/a,1473,61,M
47027074,Angelino Eusebio Puga Martorell,Abogado,Viudo/a,4240,70,M
62874886,Dolores Jaen Checa,Chef,Viudo/a,19537,25,F
46644926,Seve Pedraza Caparros,Plomero,Soltero/a,3019,36,F
43496178,Valentina Munoz,Veterinario,Casado/a,4035,36,F
92810484,Nicanor Tovar Galindo,Ingeniero,Soltero/a,1092,35,M
6091964,Juanito Ordonez-Hierro,Enfermero,Divorciado/a,1462,18,F
6997022,Abel Galvez Llorente,Analista de datos,Casado/a,2312,74,M
66984390,Tono Fonseca Ruiz,Plomero,Soltero/a,4490,69,F
7905696,Rene Riera Planas,Consultor,Viudo/a,18278,26,M
58411653,Rosa Solis Tome,Cientifico,Soltero/a,1038,43,M
34596551,Lino Llanos Alsina,Gerente,Divorciado/a,9383,40,F
7768578,Samanta Solsona Mancebo,Biotecnologo,Divorciado/a,5949,18,M
62083346,Adolfo Montoya Samper,Cantante,Soltero/a,1526,71,F
98371559,Rosario Casares Prat,Marketing Digital,Soltero/a,1029,63,F
83047718,Odalis Barros,Chef,Soltero/a,10743,64,F
79864797,Valero del Rius,Gerente,Casado/a,2760,38,F
49513875,Octavio Alsina Barbero,Tecnico de laboratorio,Soltero/a,6501,62,F
51041517,Mariana Mora-Llano,Psicologo,Soltero/a,15059,56,F
96235887,Emilio Alfaro Perea,Medico,Divorciado/a,9163,62,F
51981468,Felicidad Benavent Villaverde,Arquitecto,Soltero/a,7996,28,F
6043829,Olga Bilbao Alberola,Agricultor,Viudo/a,15058,25,F
99320404,Yago Melero Diez,Consultor,Soltero/a,4395,31,F
61746101,Delfina Otero Millan,Biotecnologo,Divorciado/a,18890,50,F
4486397,Cayetana Dominga Vicens Bilbao,Comerciante,Divorciado/a,4132,71,M
87965344,Alicia Lledo Exposito,Arquitecto,Divorciado/a,3042,75,F
60536901,Valero Guillen Batalla,Cientifico,Viudo/a,9535,62,F
14220142,Ricardo Tena Folch,Bombero,Viudo/a,14463,25,M
71850413,Moises Zorrilla Vendrell,Docente,Viudo/a,11935,76,M
70216335,Ceferino Giron,Futbolista,Divorciado/a,5087,27,F
58213333,Eleuterio Cal-Carballo,Agricultor,Divorciado/a,7642,46,M
68324202,Amor Bartolome Diego,Arquitecto,Casado/a,2401,44,F
32735570,Amor Vallejo Alsina,Biotecnologo,Casado/a,3143,39,F
93034379,Roberto Aguado,Cantante,Viudo/a,16011,75,M
15933220,Rosario del Morales,Futbolista,Soltero/a,1477,40,M
69868428,Marina Marmol Pavon,Plomero,Viudo/a,16737,22,M
94205936,Prudencio Cerezo Martin,Marketing Digital,Soltero/a,1659,21,F
25097962,Chema de Sanabria,Comerciante,Soltero/a,7681,38,M
42188653,Manuelita Camara Perello,Comerciante,Viudo/a,6381,33,F
90868407,Albina Penalver Diaz,Analista de datos,Divorciado/a,13163,30,M
65453734,Ramon de Maestre,Analista de datos,Soltero/a,1196,63,F
14515534,Itziar Cerro Carrillo,Programador,Soltero/a,2796,35,M
61875295,Dolores Juarez Estevez,Cientifico,Viudo/a,4545,35,F
30789753,Rafaela Mariscal Robles,Marketing Digital,Casado/a,10533,46,F
96595711,Gilberto Teruel Ordonez,Cantante,Viudo/a,5363,59,M
59187684,Leoncio Serra-Rodriguez,Fotografo,Casado/a,9780,19,M
81431926,Fulgencio del Agullo,Ingeniero,Divorciado/a,19943,64,F
48755709,Edu Soler Muniz,Actor,Casado/a,1038,65,F
32220525,Reyna Checa Duran,Marketing Digital,Casado/a,8731,49,M
27973827,Vinicio Eutimio Lillo Segovia,Marketing Digital,Casado/a,14004,74,M
33193354,Maximo Moll-Baquero,Futbolista,Casado/a,1822,71,F
68144839,Matilde Valencia Bayona,Fotografo,Casado/a,1078,39,F
42320309,Berto Elias Alberto,Ingeniero,Viudo/a,3059,78,F
23525105,Octavia Domenech Naranjo,Arquitecto,Viudo/a,16071,72,F
64974732,Dolores Villanueva Casanova,Bombero,Viudo/a,9389,30,F
14253681,Arturo Mena-Becerra,Arquitecto,Divorciado/a,1252,24,M
32552566,Eliseo Pozo Fuentes,Consultor,Soltero/a,2712,66,F
14599399,Leonardo Noguera Santamaria,Electricista,Viudo/a,14421,26,F
1962321,Zaida Manzanares Gallardo,Analista de datos,Soltero/a,7038,30,F
25969870,Toni Ruiz Catala,Medico,Viudo/a,6430,62,M
30422936,Agata Daza Lara,Futbolista,Casado/a,9022,60,M
5393400,Cintia Mate Salom,Programador,Soltero/a,2063,38,F
33438676,Leire Llopis Lorenzo,Electricista,Divorciado/a,4152,36,M
79190876,Evelia Pedraza-Tejera,Ingeniero,Soltero/a,19606,26,F
45791412,Olivia Serra Catalan,Chef,Soltero/a,6138,29,M
33547086,Pia Sanabria,Medico,Divorciado/a,6788,30,F
63395855,Leyre de Paez,Enfermero,Divorciado/a,17238,52,M
52921319,Vinicio Manuel-Ruano,Actor,Casado/a,1906,58,F
74187349,Jeronimo Zapata-Valle,Cantante,Viudo/a,8004,71,M
2058834,Adriana del Buendia,Tecnico de laboratorio,Viudo/a,7062,36,M
20802412,Jenny del Moya,Fotografo,Divorciado/a,3424,76,F
851683,Rogelio Vazquez Fabra,Psicologo,Casado/a,3377,46,F
91929943,Samuel Feijoo Uribe,Veterinario,Divorciado/a,7772,69,M
43034777,Nicolasa Barrera-Vendrell,Fotografo,Divorciado/a,11999,64,M
92959645,Leocadia de Campos,Analista de datos,Divorciado/a,18617,58,M
54211972,Hernando Mercader Mancebo,Cientifico,Soltero/a,19551,22,F
14889993,Vilma Ribas Solis,Policia,Casado/a,9132,20,F
63947443,Edgardo Botella Diego,Agricultor,Casado/a,4432,28,F
19581908,Cipriano Heras Garcia,Contador,Divorciado/a,3042,55,F
82970676,Mohamed Abella Alberto,Ingeniero,Divorciado/a,4368,29,M
4581940,Domitila Jara Cabezas,Marketing Digital,Casado/a,1074,63,M
40955788,Araceli Quintanilla,Veterinario,Divorciado/a,1010,63,M
96495867,Lourdes Canals Fiol,Ingeniero,Casado/a,6942,37,M
35978773,Dimas Prat Prats,Tecnico de laboratorio,Viudo/a,19603,77,F
43118651,Juan Pablo Pinol Lasa,Policia,Divorciado/a,6388,64,F
36287250,Ana Belen Benito Miranda,Marketing Digital,Casado/a,1597,20,M
2124958,Alejandra Medina,Bombero,Divorciado/a,4945,28,F
13991216,Antonio Canizares Roig,Policia,Casado/a,3019,20,F
62230356,Bienvenida Reyna Pina Guzman,Consultor,Divorciado/a,3605,57,F
63436883,Genoveva Ferrando Goni,Contador,Casado/a,3836,60,M
98123565,Paz Etelvina Naranjo Castellanos,Disenador,Viudo/a,7498,61,F
46551180,Armando Miguel Armengol,Medico,Viudo/a,1376,37,M
1697145,Clementina Graciela Checa Arranz,Ingeniero,Casado/a,1410,75,F
73851560,Hernando Merino Pallares,Abogado,Casado/a,8985,46,M
90110403,Jose Ramon Castells-Salom,Medico,Soltero/a,19480,61,F
78298071,Primitivo Ferrer Mari,Biotecnologo,Divorciado/a,1869,56,F
225582,Sara Collado,Chef,Divorciado/a,2828,63,M
9666834,Edu Terron Corominas,Actor,Soltero/a,16377,24,F
52139686,Cesar Camino Bosch,Arquitecto,Casado/a,4757,74,F
85153550,Isidro Bonet Sainz,Ingeniero,Soltero/a,3251,28,M
87668598,Salomon Cobos Caceres,Medico,Viudo/a,4994,20,M
81514522,Jeremias Inigo Uriarte Asensio,Electricista,Soltero/a,1967,51,M
9989083,Jordan Ferrera Tomas,Plomero,Soltero/a,18408,36,F
39781349,Calixto Ricardo Piquer Ferrandez,Biotecnologo,Soltero/a,2343,50,M
7274766,Fidel Pina Mendizabal,Marketing Digital,Soltero/a,9223,48,M
61569162,Debora Escriva Gimeno,Policia,Viudo/a,1066,48,M
5821325,Anselma Marti-Mayol,Policia,Soltero/a,5286,63,M
18086451,Vasco Isidoro Vega Minguez,Abogado,Soltero/a,3883,60,F
82805527,Samanta Perales-Marin,Plomero,Casado/a,1481,63,F
95804441,Joaquin Nevado Sales,Cantante,Casado/a,5635,30,F
787857,Edmundo Urrutia Luis,Actor,Casado/a,12838,20,F
16591600,Danilo Vazquez Benavides,Cantante,Viudo/a,8300,50,F
9138978,Xiomara Castells Anaya,Programador,Soltero/a,7004,47,M
56201454,Maria Luisa Arino Porcel,Plomero,Soltero/a,13574,25,F
25150670,Jose Luis Casado Vives,Fotografo,Divorciado/a,8937,66,F
45100555,Rene Ayllon Agusti,Biotecnologo,Viudo/a,6453,69,M
17480938,Berta Garrido Guardiola,Docente,Divorciado/a,7851,36,F
87789648,Lope de Canas,Cientifico,Divorciado/a,6083,51,M
19593886,Urbano Cabrero-Manjon,Enfermero,Viudo/a,2048,58,F
53186274,Margarita del Rovira,Cientifico,Casado/a,1719,78,F
81203844,Placido Ibanez Blanes,Programador,Divorciado/a,2134,44,M
38690275,Jonatan Medina Perea,Ingeniero,Viudo/a,10101,52,M
49096396,Victor Reig Badia,Disenador,Casado/a,5117,51,F
20340375,Rocio Costa,Bombero,Soltero/a,3163,40,M
83548143,Magdalena Lobo Carbajo,Psicologo,Casado/a,10286,46,M
8880293,Galo Hoyos Salva,Chef,Divorciado/a,7215,29,M
74217827,Quirino Falco-Estrada,Abogado,Soltero/a,5688,38,F
55074852,Martirio del Palma,Enfermero,Soltero/a,1306,55,F
61326400,Raul Abascal Blasco,Contador,Casado/a,17626,77,M
96032485,Anselma Julia Llamas Campos,Marketing Digital,Divorciado/a,9054,45,F
3876088,Joaquina Jessica Pina Botella,Consultor,Viudo/a,2462,45,M
97058762,Severiano Ibanez,Abogado,Casado/a,1270,25,M
43798155,Celso Caparros Lerma,Policia,Viudo/a,4318,33,M
32098185,Pili Castilla Belda,Tecnico de laboratorio,Viudo/a,6019,22,F
54667331,Adalberto Manuel Neira Barral,Plomero,Viudo/a,2298,47,M
66028742,Nico de Hervia,Enfermero,Divorciado/a,9890,29,F
28353768,Morena Bartolome Gonzalo,Fotografo,Viudo/a,14796,59,F
35562138,Tiburcio Gordillo Gomez,Bombero,Viudo/a,6542,50,M
82686314,Maribel Verdu Fonseca,Docente,Viudo/a,9114,18,M
95921446,Marcia Candelas Conde Dalmau,Abogado,Viudo/a,3913,40,F
49633144,Violeta Vicente,Contador,Soltero/a,10999,24,F
94392372,Olimpia Marcos Jover,Comerciante,Divorciado/a,18513,26,M
13863719,Lupita Begona Roig Ramis,Ingeniero,Casado/a,7087,43,M
83793486,Magdalena Lobato Duque,Carpintero,Viudo/a,1689,56,M
1458523,Celestino Nazaret Pelayo Olmedo,Policia,Soltero/a,18948,59,F
41846034,Esmeralda de Lluch,Arquitecto,Soltero/a,19025,20,M
15890288,Danilo de Fonseca,Futbolista,Soltero/a,14233,25,M
55708569,Ale Cabanillas-Polo,Cantante,Casado/a,4250,77,F
88572555,Gil Montalban Codina,Ingeniero,Soltero/a,9062,80,M
30957136,Melchor de Rossello,Abogado,Divorciado/a,9412,39,F
43683382,Oriana Mamen Raya Lluch,Actor,Casado/a,1599,35,F
89277032,Alejo Hervia Casanova,Psicologo,Casado/a,15239,41,F
41258493,Climaco Perello Calvo,Gerente,Divorciado/a,4257,48,F
44878079,Urbano de Llamas,Ingeniero,Viudo/a,6485,29,M
58406933,Corona Bustamante Palma,Medico,Soltero/a,6508,54,M
23340130,Ligia Agusti Pla,Marketing Digital,Viudo/a,3222,64,F
45034305,Pastor Hurtado Artigas,Bombero,Soltero/a,7678,79,M
46873324,Cloe Saenz Cabrera,Actor,Divorciado/a,9560,52,F
82314763,Cintia Llanos,Fotografo,Divorciado/a,8873,32,F
24352200,Macaria Julian,Plomero,Divorciado/a,1639,56,F
23907827,Cruz Cobo Flores,Electricista,Viudo/a,3121,49,M
52995031,Casemiro Almazan Canete,Carpintero,Viudo/a,5449,38,M
81203197,Rafael Guadalupe Amigo Rocamora,Abogado,Soltero/a,16317,68,F
28543654,Veronica Carrasco Garzon,Agricultor,Casado/a,1773,76,F
13918492,Aura Alba Barco Mayo,Contador,Casado/a,5959,24,M
71953327,Sebastian Sainz Heredia,Biotecnologo,Soltero/a,1907,33,M
26652170,Anacleto Manzano,Fotografo,Casado/a,13992,49,F
24165630,Mercedes Maza Gil,Disenador,Soltero/a,4761,71,F
71837278,Amparo Murillo Pizarro,Disenador,Soltero/a,3968,44,F
87395505,Palmira del Llamas,Psicologo,Divorciado/a,2008,60,F
5232059,Nilo Mendez Carreno,Fotografo,Divorciado/a,8807,46,M
37245147,Victor Fabra Noriega,Analista de datos,Divorciado/a,2670,47,M
48257796,Luz Mendez Monreal,Agricultor,Viudo/a,1273,69,M
62675492,Nereida Bejarano Prats,Comerciante,Soltero/a,1261,58,F
81007013,Iban Edu Bertran Garrido,Consultor,Viudo/a,15433,22,M
40778464,Plinio Paez Gomis,Abogado,Casado/a,4601,67,F
68235683,Santiago Rivas Matas,Ingeniero,Divorciado/a,3995,45,F
49219011,Marianela Sarmiento-Machado,Carpintero,Divorciado/a,1728,36,M
45019478,Pancho Prada-Guillen,Medico,Viudo/a,2533,33,F
58603284,Adora Ferrando Mancebo,Cantante,Divorciado/a,6000,36,F
65919836,Rocio Carmona Cases,Cantante,Viudo/a,13534,59,F
23325990,Silvio Bernat-Lamas,Consultor,Casado/a,3174,35,F
46616792,Pelayo de Sureda,Consultor,Casado/a,6184,26,M
70667211,Ofelia Flora Trujillo Delgado,Tecnico de laboratorio,Divorciado/a,2393,75,F
52144699,Griselda Marcos Samper,Analista de datos,Soltero/a,7985,31,M
37464062,Dorita Santamaria-Losa,Marketing Digital,Soltero/a,4048,23,M
49762098,Jordana Aguilera Menendez,Ingeniero,Soltero/a,3176,80,F
16828134,Rufino del Vicente,Medico,Soltero/a,4603,71,M
84928443,Porfirio Arco Balaguer,Comerciante,Viudo/a,9101,26,F
57421370,Calixto Galan,Ingeniero,Casado/a,6592,23,F
69800826,Marciano Simon Aguirre Angulo,Actor,Divorciado/a,1419,73,M
18920023,Eutimio Recio Vallejo,Agricultor,Soltero/a,1226,22,M
67893341,Cosme Valencia Costa,Marketing Digital,Divorciado/a,4744,27,F
71823949,Clementina Sanjuan Jimenez,Tecnico de laboratorio,Casado/a,1117,58,M
85270092,Aurelia Barrio Amaya,Carpintero,Viudo/a,6442,80,F
44353046,Aurea Sanz Guerra,Bombero,Divorciado/a,2996,21,F
52647733,Corona Pedrosa Mir,Psicologo,Casado/a,8096,38,F
18934247,Maura Alvarez-Alcolea,Gerente,Divorciado/a,4671,22,F
48574652,Demetrio de Velez,Plomero,Soltero/a,3054,72,F
69506116,Clemente Tena Mas,Psicologo,Soltero/a,5664,34,M
55486626,Edelmira Paz Galvez Marti,Policia,Viudo/a,5960,39,M
58792015,Julio Yago Torralba Navarro,Medico,Divorciado/a,4566,66,M
98003763,Loreto Valdes Egea,Disenador,Divorciado/a,9796,25,F
82852267,Emiliano Marcio Bello Bou,Arquitecto,Viudo/a,4145,23,F
76442533,Candida Torrents Viana,Cientifico,Soltero/a,5391,61,M
58883106,Luisina Conesa Cervera,Psicologo,Casado/a,1171,35,F
5012846,Pancho Jauregui-Vargas,Actor,Viudo/a,1948,18,F
24748532,German Guillen Madrigal,Gerente,Soltero/a,4407,67,M
44035086,Abigail Borrego Luz,Cientifico,Soltero/a,4279,75,M
39224505,Heraclio Santamaria Segovia,Agricultor,Soltero/a,5203,35,M
92417258,Nieves de Jaen,Policia,Casado/a,3553,78,F
99938179,Diana Leandra Salva Barroso,Policia,Soltero/a,4642,48,M
41677990,Claudia Pereira-Jove,Gerente,Casado/a,9938,22,M
78153559,Rosa Alberto Guitart,Policia,Casado/a,3147,37,F
50462129,Odalys Folch Baeza,Carpintero,Divorciado/a,8359,35,M
92390201,Mario Guerra Herranz,Agricultor,Divorciado/a,7265,76,F
51715728,Miguel Angel Nicolas Mir,Agricultor,Casado/a,4540,79,F
73349489,Ana Sofia Moran Frias,Plomero,Soltero/a,3310,77,F
37369,Modesta Fernandez Angel,Actor,Soltero/a,18981,23,M
79503330,Jaime Galo Casals Bernad,Policia,Divorciado/a,10195,62,M
38239936,Edgar Izaguirre-Navarrete,Marketing Digital,Soltero/a,7722,72,F
31822976,Maximiliano Garmendia Bertran,Analista de datos,Soltero/a,4704,79,M
10217402,Maria Del Carmen Elba Fuentes Carvajal,Futbolista,Viudo/a,12594,39,F
51173497,Leandro Ortiz Rozas,Docente,Soltero/a,6358,28,M
95803179,Genoveva Dominga Cueto Conesa,Biotecnologo,Casado/a,8759,46,F
27323868,Cecilia Ballesteros Vendrell,Carpintero,Casado/a,3935,41,M
30810441,Eloy Jimenez Castellanos,Bombero,Viudo/a,2721,70,M
97167867,Delfina Rios Godoy,Programador,Viudo/a,7885,31,M
74963143,Tamara Armas Castaneda,Chef,Divorciado/a,19904,27,M
75741374,Vidal Franco Cabanas,Actor,Soltero/a,5567,51,F
88430497,Evangelina Gaya Ortega,Gerente,Casado/a,2817,27,F
10489350,Efrain Maxi Bautista Cerezo,Arquitecto,Soltero/a,12231,29,F
40844683,Cesar Lasa,Ingeniero,Casado/a,7556,61,F
64609064,Fermin Bas Leon,Policia,Viudo/a,15811,62,F
18291674,Imelda Manso Cerda,Programador,Divorciado/a,9921,59,M
9465699,Moreno Madrid Bayona,Cantante,Soltero/a,1818,44,M
58806440,Fabiola Fabregas Palomino,Comerciante,Viudo/a,4879,55,F
86898250,Lalo Samuel Vila Palacio,Ingeniero,Soltero/a,2631,45,M
28519044,Bibiana Muro-Santamaria,Abogado,Casado/a,8221,69,F
65093513,Gil Rogelio Marin Narvaez,Gerente,Viudo/a,6140,47,F
27186234,Brunilda Penas Luz,Cantante,Casado/a,3704,61,M
55392283,Juanita de Moraleda,Biotecnologo,Soltero/a,5846,43,M
45826115,Manuel Campoy Campos,Plomero,Viudo/a,12619,53,F
62331442,Sofia Tellez-Somoza,Agricultor,Soltero/a,2826,41,F
78270389,Marisela Guijarro Garces,Comerciante,Divorciado/a,8453,40,M
42922233,Raul Ferrera-Cerdan,Electricista,Soltero/a,8244,39,M
41899488,Virgilio Luna Torrens,Marketing Digital,Soltero/a,11640,60,F
88413806,Julio Rio-Royo,Chef,Viudo/a,3007,30,F
8158816,Federico Tormo Luis,Cientifico,Casado/a,1094,62,F
51786583,Maite Molina Alegre,Bombero,Soltero/a,6202,80,M
19705589,Consuela Castro Enriquez,Programador,Casado/a,3956,30,M
49201961,Ciriaco Quintana-Alcalde,Comerciante,Divorciado/a,6939,49,F
64902590,Brigida Ofelia Caparros Menendez,Cantante,Divorciado/a,4974,42,M
91940788,Ruth Cabello-Paniagua,Consultor,Casado/a,8969,65,F
59425448,Gloria del Clavero,Plomero,Divorciado/a,2809,23,M
10149576,Aitor Canovas Rivas,Comerciante,Divorciado/a,1021,27,F
9764483,Juliana Banos Corral,Actor,Viudo/a,18836,22,M
75983107,Esteban Aller Vilar,Policia,Casado/a,7895,76,M
36187385,Vinicio Amoros Llamas,Medico,Casado/a,5771,56,M
24909032,Macario Llano Carmona,Comerciante,Casado/a,6537,46,M
52809651,Sandra Barrena-Gimeno,Medico,Viudo/a,1192,61,M
19213926,Cleto Mayol-Coloma,Carpintero,Casado/a,3806,40,M
1548173,Godofredo Domingo Fernandez,Electricista,Viudo/a,18911,62,M
29122853,Isidro Rios Rodenas,Consultor,Soltero/a,2938,51,M
89406460,Che Roig Rodriguez,Cantante,Divorciado/a,1996,23,M
14519877,Chuy Saez Mendez,Medico,Viudo/a,1181,41,F
58554339,Aura Ayllon,Abogado,Divorciado/a,1888,23,M
53615945,Manu Alba Cabezas,Docente,Viudo/a,9931,62,F
69850308,Manu Carretero-Font,Gerente,Soltero/a,1564,80,F
41073398,Marcial Rodrigo,Gerente,Viudo/a,3821,36,M
98009467,Asdrubal Torralba Caparros,Actor,Divorciado/a,2950,41,F
18506998,Amor Sarabia-Canals,Cientifico,Divorciado/a,5463,58,M
94954746,Emiliana Rossello-Lago,Tecnico de laboratorio,Soltero/a,8995,62,M
77887852,Florentina Rebeca Garriga Duque,Electricista,Divorciado/a,1894,56,M
93832580,Evangelina de Bernal,Actor,Soltero/a,1093,80,M
52698755,Paco Reguera Pla,Tecnico de laboratorio,Viudo/a,1921,36,F
95974436,Ruben Casas Barragan,Cantante,Divorciado/a,1752,52,F
9202,Jose Gordillo Dieguez,Ingeniero,Divorciado/a,5595,27,F
2012305,Ildefonso Emilio Parra Donoso,Docente,Divorciado/a,3445,23,M
39320768,Paulina Manjon Torrent,Actor,Soltero/a,7598,56,M
5634997,Severo Aguilera Bermudez,Fotografo,Viudo/a,1624,62,F
2202615,Rosaura Garriga Reina,Fotografo,Viudo/a,3871,71,M
7832594,Reinaldo de Carbonell,Marketing Digital,Casado/a,16985,32,F
79197346,Pablo Moreno-Montesinos,Gerente,Divorciado/a,9815,28,F
76995753,Maximiano Benito Guillen,Electricista,Casado/a,9285,66,M
85959692,Jacinto Yanez Vilar,Gerente,Soltero/a,7449,50,F
98859380,Toribio Pages,Enfermero,Viudo/a,6766,60,M
37133404,Ema Zaragoza,Gerente,Casado/a,11362,26,M
57880179,Agata Benito,Programador,Soltero/a,1820,73,F
23213735,Loreto Merino Serrano,Tecnico de laboratorio,Divorciado/a,3992,77,M
12598130,Jose Mari Perales Tudela,Biotecnologo,Soltero/a,4116,58,F
60346049,Vera Llorens Caro,Consultor,Viudo/a,13025,52,M
45393099,Inigo Rafael Tejero Palacios,Policia,Soltero/a,2621,30,F
8701677,Cruz Palomar Juarez,Veterinario,Viudo/a,12048,23,M
22548017,Artemio Miranda Ramirez,Policia,Divorciado/a,5483,37,F
8990845,Florencia Bueno Huertas,Disenador,Soltero/a,3791,30,F
28595449,Guillermo del Marco,Abogado,Casado/a,4436,38,F
22138887,Dan Nebot Menendez,Futbolista,Casado/a,2409,78,M
48825280,Eloisa Acero Pages,Arquitecto,Divorciado/a,7020,42,M
24964118,Sandalio Borras Velez,Contador,Casado/a,11328,56,M
84217766,Alejandro del Oliver,Psicologo,Divorciado/a,18524,62,M
79504076,Silvia Aragon Pintor,Disenador,Viudo/a,5276,24,F
30145665,Nazaret de Portero,Disenador,Viudo/a,4512,41,F
82351896,Cristina Leiva Maldonado,Programador,Viudo/a,7663,19,F
76401556,Obdulia Nayara Romero Mascaro,Veterinario,Divorciado/a,8477,70,M
16169859,Ruperta Pablo Llamas,Agricultor,Soltero/a,3105,75,M
134392,Begona Emperatriz Menendez Larranaga,Bombero,Casado/a,3920,68,M
84802975,Marcia de Castello,Cientifico,Viudo/a,1355,70,M
46273041,Oriana Marquez Escudero,Disenador,Divorciado/a,1860,32,F
83530555,Anibal Mendizabal Font,Actor,Viudo/a,3179,61,M
53316523,Marcos Castells Nunez,Carpintero,Soltero/a,2166,54,F
19648260,Severiano del Pavon,Arquitecto,Casado/a,1214,62,M
98642545,Benito Sandoval Arrieta,Tecnico de laboratorio,Soltero/a,2851,33,F
46284043,Encarnacion Manzano Porta,Biotecnologo,Viudo/a,8708,35,F
37733642,Desiderio Aliaga,Futbolista,Viudo/a,5216,67,F
54150113,Alfonso Gomez Nebot,Consultor,Viudo/a,2268,21,M
77337887,Efrain Bravo Plaza,Veterinario,Soltero/a,2375,54,M
34917912,Pepita Huguet Chacon,Analista de datos,Viudo/a,6608,79,F
77941019,Rodrigo Pinol Santana,Disenador,Casado/a,5233,79,F
61975061,Nerea Solsona Cabeza,Arquitecto,Casado/a,7705,71,F
27315057,Nieves Ugarte-Dieguez,Fotografo,Casado/a,9650,61,M
56880284,Luis Galvan Cabeza,Ingeniero,Soltero/a,1519,79,M
74579704,Margarita Macarena Nino Delgado,Arquitecto,Soltero/a,1034,34,M
29204818,Santiago Castell Milla,Tecnico de laboratorio,Soltero/a,2476,30,F
50517304,Roque Sancho Fernandez,Arquitecto,Soltero/a,1291,56,F
70227138,Eutimio Suarez Tamarit,Programador,Soltero/a,7410,67,F
54435815,Sonia de Montalban,Futbolista,Casado/a,3982,48,F
77399597,Isabela Carreno-Echevarria,Carpintero,Viudo/a,3772,51,M
80595627,Clarisa Salinas Blazquez,Arquitecto,Viudo/a,3224,31,F
72749725,Kike Alberto-Cobo,Chef,Divorciado/a,3205,27,M
39075631,Mirta Arias Camps,Gerente,Casado/a,1301,67,F
89020628,Edelmiro Nogueira Rodrigo,Cantante,Soltero/a,6265,54,F
35121531,Pepita Arevalo Salcedo,Arquitecto,Soltero/a,6838,32,M
5110642,Marino Carballo Anaya,Enfermero,Casado/a,1778,46,F
70429385,Tatiana Heras Pino,Arquitecto,Casado/a,4824,53,F
65509430,Lalo Arellano Ruiz,Futbolista,Soltero/a,3050,53,F
62345624,Roxana Lago Arregui,Docente,Casado/a,1474,70,M
77250826,Joan del Camino,Fotografo,Casado/a,13369,71,M
79280031,Araceli Miguela Alberdi Villena,Futbolista,Viudo/a,1020,78,M
3021903,Araceli Vilar Rebollo,Medico,Casado/a,5031,45,M
24619171,Julia Querol,Abogado,Viudo/a,4009,24,M
11437717,Berto Noguera Bernat,Programador,Viudo/a,1986,26,F
70367810,Heriberto Arranz Montero,Carpintero,Soltero/a,7833,29,M
24428094,Serafina Verdugo Sosa,Ingeniero,Divorciado/a,18972,34,M
12100246,Ruben Hermenegildo Leal Feliu,Programador,Viudo/a,14375,72,M
97170926,Raquel Mendez Alcolea,Cientifico,Viudo/a,3122,70,F
4674561,Alfonso de Iniguez,Plomero,Divorciado/a,5925,22,M
95719199,Joaquin del Zapata,Agricultor,Viudo/a,3858,62,F
93337379,Eliseo Redondo-Batalla,Cantante,Divorciado/a,13735,65,M
26170807,Chucho Carreno Samper,Actor,Casado/a,7554,69,M
64301698,Chelo Benita Canovas Anton,Biotecnologo,Soltero/a,3338,65,M
48390631,Cebrian Maximo Aliaga Rosa,Policia,Viudo/a,5538,68,M
31747204,Nico Carbajo Pomares,Actor,Divorciado/a,9475,68,F
67760910,Hilario Pina Ayllon,Electricista,Viudo/a,1883,64,M
25610847,Graciano Espana-Montserrat,Tecnico de laboratorio,Divorciado/a,4747,57,F
34173760,Modesto Vives Sabater,Comerciante,Divorciado/a,6628,75,M
15242912,Luis Cano Marino,Arquitecto,Soltero/a,4535,51,M
24154287,Julian Milla-Andrade,Tecnico de laboratorio,Viudo/a,2335,68,F
57803603,Segismundo Mora Marcos,Medico,Viudo/a,3583,43,F
3925526,Florencio Salva Arcos,Medico,Divorciado/a,9689,45,M
80464149,Perlita Ros Puente,Chef,Casado/a,3924,56,M
78006922,Aitana de Pozo,Chef,Casado/a,6241,31,M
36254509,Alex Arco Cornejo,Tecnico de laboratorio,Soltero/a,10473,57,F
19478756,Pedro Cid Rocha,Veterinario,Casado/a,16360,54,M
75546089,Sol Pastor Landa,Tecnico de laboratorio,Soltero/a,16305,35,F
63286943,Jose del Barbero,Programador,Viudo/a,11483,47,M
66587730,Adelaida Pelayo Pomares,Enfermero,Casado/a,1384,49,M
85542688,Irene Coll Enriquez,Actor,Soltero/a,9139,25,F
80214762,Encarna Ayuso Manjon,Actor,Casado/a,7157,76,F
40344958,Josep Acevedo Flor,Contador,Divorciado/a,5716,78,M
43397182,Juan Manuel Vicente Miralles,Biotecnologo,Soltero/a,1914,80,M
5071672,Purificacion Penas Fuente,Abogado,Soltero/a,1695,63,F
36032525,Felicidad Pena Gibert,Veterinario,Soltero/a,8253,47,F
67372587,Lina Otero-Fuente,Analista de datos,Viudo/a,2732,50,M
23801282,Mariana Vilma Bautista Barranco,Contador,Divorciado/a,15315,28,M
16549883,Jimena Pinol Alcalde,Carpintero,Casado/a,1849,21,F
99099594,Silvestre Romeu-Cases,Chef,Casado/a,1858,33,F
77812765,Poncio Pepe Echevarria Agustin,Comerciante,Viudo/a,3995,21,M
49578530,Desiderio Anibal Sotelo Lobato,Biotecnologo,Casado/a,4411,50,M
20031984,Cecilia Barrios-Iniguez,Bombero,Viudo/a,3766,72,M
65703061,Samanta Coll,Fotografo,Soltero/a,1831,49,F
54372468,Climaco Moliner Nogueira,Ingeniero,Divorciado/a,7543,23,M
69793655,Fernanda Gelabert Valenzuela,Arquitecto,Viudo/a,19828,34,M
59773048,Encarnacion de Herranz,Futbolista,Soltero/a,3391,29,F
95313556,Pablo Iglesia Carbo,Psicologo,Soltero/a,1479,80,F
94443117,Maria Jose Gonzalez Cases,Abogado,Viudo/a,9487,18,F
6854894,Gertrudis Amaya Toledo,Contador,Divorciado/a,5894,65,F
66623781,Gilberto Nieto Leon,Cantante,Viudo/a,7744,42,F
48034009,Julio Cesar Ribera,Fotografo,Soltero/a,5755,47,M
42228637,Angelina Margarita Franch Espada,Marketing Digital,Viudo/a,4717,42,M
54345510,Amor Prado Pazos,Marketing Digital,Divorciado/a,1355,79,M
25648661,Luciana Sierra Marquez,Actor,Viudo/a,3797,63,M
70132457,Esther Calleja Girona,Carpintero,Divorciado/a,3328,36,M
86847332,Piedad del Llanos,Tecnico de laboratorio,Soltero/a,3306,19,M
84405815,Ines Santamaria Murcia,Actor,Viudo/a,2477,80,F
1972431,Pia Azorin Sales,Comerciante,Divorciado/a,12206,58,F
39324012,Nando Escribano Esparza,Enfermero,Soltero/a,2682,45,F
47153269,Marina Estevez Coronado,Carpintero,Casado/a,5408,19,F
81855745,Pastora Sales-Saavedra,Carpintero,Viudo/a,1437,65,F
80688683,Mireia Hierro,Agricultor,Casado/a,2757,67,M
37078869,Pastor Barros Carrion,Chef,Divorciado/a,8888,41,F
75022319,Jose Antonio Ordonez Baeza,Analista de datos,Viudo/a,1481,42,F
99604649,Vicente Exposito Recio,Policia,Divorciado/a,1987,37,F
38627634,Josefa Paz Arnal,Cientifico,Casado/a,1420,35,M
23583085,Gisela Aguila Calzada,Analista de datos,Soltero/a,1553,53,F
85341545,Natalio Merino Atienza,Contador,Divorciado/a,9864,51,M
45454463,Zaida Menendez Portero,Actor,Casado/a,15901,50,F
68166002,Maria Carmen Mateu Sancho,Electricista,Viudo/a,5719,30,M
65853043,Socorro Arnau Orozco,Fotografo,Soltero/a,1876,28,M
46314109,Marcela Caceres,Fotografo,Soltero/a,3502,22,M
70088677,Dorotea Dulce Cuellar Rubio,Fotografo,Soltero/a,4341,39,F
39716834,Roberto Raimundo Melendez Pulido,Enfermero,Casado/a,7991,33,F
60318429,Rafaela Mendizabal Miguel,Consultor,Casado/a,8448,32,M
74809180,Clemente Arellano Ferrandez,Futbolista,Soltero/a,4780,21,F
664340,Gregorio Porta Sebastian,Veterinario,Soltero/a,16430,31,F
77536413,Wilfredo Hervia-Llamas,Electricista,Viudo/a,1148,53,F
64694346,Maria Belen Esteban Rincon,Cientifico,Divorciado/a,10873,75,F
60005256,Nelida Sans Lasa,Agricultor,Casado/a,1766,18,M
23592218,Regulo del Noriega,Ingeniero,Casado/a,15502,29,M
62894048,Manu Rios Ribas,Marketing Digital,Soltero/a,1771,59,F
22775612,Camilo Donaire Cruz,Biotecnologo,Casado/a,13737,65,F
16069205,Valerio Mosquera Rivas,Bombero,Casado/a,1969,67,M
73275393,Reyes Torrijos Marino,Chef,Casado/a,1253,22,M
80653531,Dafne del Grau,Gerente,Casado/a,1395,45,F
43773800,Oscar Iborra Roca,Policia,Casado/a,1507,25,M
10006754,Dafne Gisbert Llorente,Futbolista,Divorciado/a,1642,18,M
52264981,Flavia Lina Perera Talavera,Carpintero,Soltero/a,8150,62,M
51682827,Candido Rojas Chico,Medico,Divorciado/a,6462,60,F
62919227,Narcisa Rubio-Barros,Veterinario,Viudo/a,3277,33,F
34046217,Griselda Pacheco Sola,Electricista,Viudo/a,2097,42,F
75635355,Mireia Rodriguez Calatayud,Psicologo,Viudo/a,5860,61,M
93457311,Valentina Coloma Pintor,Biotecnologo,Casado/a,8628,24,M
47838004,Griselda Tomas Morell,Consultor,Soltero/a,4455,35,F
21679152,Candelario Espinosa Ibarra,Actor,Viudo/a,2381,32,F
62704162,Francisca Reina Olivera,Analista de datos,Casado/a,2188,70,F
98745093,Fabian Serra Alvarez,Disenador,Viudo/a,9609,54,F
62702706,Estela Acevedo Julia,Analista de datos,Divorciado/a,1782,20,M
69855385,Paco Vizcaino Asenjo,Futbolista,Viudo/a,1428,62,M
85488986,Loida del Minguez,Veterinario,Viudo/a,13882,50,M
33071090,Luis de Fabra,Bombero,Soltero/a,9229,46,M
43736670,Paulina Figuerola Jaume,Futbolista,Casado/a,3582,79,F
71186233,Belen Torrents Otero,Electricista,Casado/a,10094,76,M
85736372,Dalila Nayara Pinilla Camara,Comerciante,Soltero/a,7423,52,M
40102204,Sonia Arnau,Programador,Casado/a,3388,38,M
12361045,Feliciana Valeria Morera Llamas,Arquitecto,Viudo/a,6046,18,M
96597959,Maite del Ochoa,Consultor,Casado/a,1286,48,M
29406171,Leyre de Tormo,Biotecnologo,Casado/a,2370,40,M
78110008,Ale Eligio Uribe Jorda,Disenador,Viudo/a,8418,55,F
38079439,Maria Cristina Cazorla Figuerola,Biotecnologo,Viudo/a,8296,29,F
22950028,Rafael Andreu Maestre,Arquitecto,Soltero/a,11815,48,M
5315975,Jose Mari Arjona Balaguer,Actor,Divorciado/a,1130,46,M
208695,Fidel Lasa,Actor,Divorciado/a,2435,61,M
30478515,Rolando Anastasio Vicente Romeu,Enfermero,Casado/a,9687,22,F
81070937,Andres Paniagua Ramirez,Ingeniero,Soltero/a,8297,32,F
5531798,Fortunata Jaume,Cientifico,Casado/a,3069,19,F
19531025,Maria Batalla Rey,Cantante,Viudo/a,9585,26,F
27026480,Candelaria Egea-Mateu,Marketing Digital,Soltero/a,2953,60,F
73592877,Adelaida Arranz Alsina,Programador,Viudo/a,1002,46,F
7241812,Ursula Gomila Pedro,Chef,Casado/a,3858,34,F
88364737,Nazario Montes Gonzalo,Analista de datos,Viudo/a,4417,64,M
49292610,Isidora Acero Guijarro,Abogado,Soltero/a,13382,38,F
12318938,Juan Jose Calleja Roman,Plomero,Viudo/a,18537,54,F
33817572,Domitila Carlos Duenas,Abogado,Casado/a,12813,66,F
32365110,Javier Miro Ochoa,Agricultor,Divorciado/a,2331,26,F
21645899,Pedro Madrigal Aviles,Consultor,Divorciado/a,10289,39,M
70885057,Moises Duenas Penas,Arquitecto,Casado/a,11815,28,M
22827952,Sandra Iborra Pino,Policia,Soltero/a,9411,63,F
88625346,Sandra Carrasco Piquer,Fotografo,Viudo/a,3120,40,F
40735534,Hilda Zamora,Plomero,Casado/a,1426,65,F
52633519,Eduardo Gonzalez Arrieta,Arquitecto,Viudo/a,2619,28,M
84148917,Domitila Narvaez Vilar,Medico,Viudo/a,9858,51,F
28589035,Selena Riera Sobrino,Chef,Divorciado/a,2281,62,F
25458236,Julie Aguila Sola,Disenador,Soltero/a,1519,22,M
11906397,Timoteo Segui,Actor,Casado/a,7160,69,M
55919420,Claudia Encarnacion Pla Bermejo,Disenador,Casado/a,16634,49,M
69908726,Sol Ortega Villegas,Electricista,Casado/a,5401,69,M
35087749,Valentina Paloma Carrasco Alvaro,Biotecnologo,Viudo/a,3421,60,F
96264455,Yaiza Pedrero,Cantante,Divorciado/a,17650,54,M
90718599,Eli del Gomez,Agricultor,Divorciado/a,6137,68,M
81528794,Gracia Fernandez,Arquitecto,Soltero/a,2843,63,F
89862748,Joaquin Vigil,Ingeniero,Divorciado/a,2323,50,F
53399187,Ceferino Pinol Zamorano,Futbolista,Divorciado/a,10901,61,M
65256426,Damian Sebastian-Bustos,Veterinario,Soltero/a,1199,69,F
82483443,Rico Sola,Futbolista,Casado/a,3775,55,F
21305870,Hipolito Benavides Vina,Cientifico,Casado/a,5875,39,M
11080399,Guiomar Pera Nogueira,Docente,Casado/a,9590,62,M
81476008,Carmelo Rivera Moll,Tecnico de laboratorio,Soltero/a,1570,24,F
23886168,Jovita Losa Adan,Comerciante,Casado/a,2724,40,M
50383029,Adalberto Marcos Benavides,Marketing Digital,Viudo/a,8787,26,F
43559730,Fanny Dominga Artigas Iglesia,Programador,Casado/a,2245,29,M
72826282,Lucia Figueroa,Futbolista,Casado/a,18161,57,F
65533052,Marisol Tomas Santiago,Ingeniero,Casado/a,7961,70,F
70221769,Luis Angel Gutierrez Grande,Bombero,Soltero/a,1044,50,F
83826927,Maria Dolores Vizcaino Palacios,Policia,Soltero/a,1770,56,M
48042810,Anacleto Blanes-Cabanillas,Chef,Divorciado/a,14381,18,F
99015490,Maria Dolores Borrell Torrent,Gerente,Divorciado/a,2801,41,F
35515698,Mirta Vicente Berenguer,Tecnico de laboratorio,Viudo/a,1826,65,M
72474843,Roberto Aguado Royo,Futbolista,Viudo/a,1535,26,F
59129704,Micaela Montenegro-Laguna,Carpintero,Divorciado/a,6143,64,M
39198885,Maxi Lucas Giron,Biotecnologo,Divorciado/a,3358,52,M
40685201,Ingrid Romero Pinilla,Disenador,Casado/a,12233,57,F
53472441,Itziar Ricart Manjon,Psicologo,Divorciado/a,2487,58,M
50873466,Pio Albano Lorenzo Piquer,Policia,Viudo/a,5925,20,M
3488701,Virgilio Rueda Crespo,Biotecnologo,Soltero/a,7322,38,M
53689623,Gracia Sandoval-Juarez,Programador,Viudo/a,9825,49,M
40763508,Ines Casals Pareja,Contador,Casado/a,1397,42,M
70047391,Luciana Cayetana Galan Aparicio,Tecnico de laboratorio,Casado/a,8657,40,M
33588261,Elpidio de Ayala,Consultor,Casado/a,9091,36,M
42993312,Jose Mari del Alfonso,Cientifico,Casado/a,3268,54,F
72493582,Dorotea Barcena Castellanos,Programador,Casado/a,8290,62,F
93522956,Severiano Benavides Muniz,Veterinario,Viudo/a,9971,51,F
82159148,Fito Alcala Porcel,Fotografo,Casado/a,1609,77,M
91397462,Carlito Roldan Oliva,Ingeniero,Soltero/a,12101,75,F
40352198,Candido Aliaga Catalan,Bombero,Divorciado/a,3982,65,F
72180945,Carla Iriarte Barral,Agricultor,Casado/a,18260,52,F
57141047,Antonia del Merino,Plomero,Soltero/a,17750,40,M
5246245,Climaco Hernando Anton,Consultor,Viudo/a,3074,22,F
12176554,Noe Querol Chico,Docente,Viudo/a,6685,32,F
63368735,Martin Velasco Fuentes,Psicologo,Soltero/a,4541,31,M
65034877,Eric Benavides,Psicologo,Casado/a,2057,34,M
74030081,Jose Angel Colom-Aragon,Fotografo,Divorciado/a,4312,74,F
79992182,Jose Mari Miro,Disenador,Viudo/a,8708,75,F
62673506,Ruth Arregui Sola,Biotecnologo,Casado/a,12660,48,M
16859903,Silvia Sola Esparza,Arquitecto,Soltero/a,8951,67,M
44805060,Araceli Zaragoza Comas,Arquitecto,Casado/a,7841,28,F
83341750,Rosalinda Morata Salazar,Contador,Casado/a,1839,48,M
38646973,Sabina Viana-Alcazar,Chef,Viudo/a,2568,61,M
15822078,Ruperta Comas,Carpintero,Divorciado/a,19017,63,F
50503141,Jose Angel Artigas,Analista de datos,Casado/a,1621,30,F
65931563,Alejandra Pereira,Fotografo,Viudo/a,1867,59,M
58685934,Samuel Beltran Marti,Policia,Soltero/a,1818,62,M
47307748,Jafet Tomas Benavente,Fotografo,Divorciado/a,1195,20,M
76054640,Herberto Almagro Noguera,Psicologo,Soltero/a,15367,24,M
90605493,Fermin Verdu,Docente,Divorciado/a,8104,50,F
32877341,Carlito Sainz Salgado,Docente,Viudo/a,1163,32,F
67381204,Maxima Collado,Analista de datos,Viudo/a,4469,79,M
1393317,Ariadna del Salom,Futbolista,Divorciado/a,9676,22,M
23574170,Leoncio Canton Villa,Policia,Casado/a,7296,42,F
61604202,Raimundo Pedrero Espana,Futbolista,Soltero/a,1048,76,M
76997834,Debora Palmer Valcarcel,Cientifico,Casado/a,8375,34,M
63869283,Roxana Gamez Blazquez,Psicologo,Viudo/a,14767,69,M
71146273,Socorro Pastor Blanca,Plomero,Casado/a,1394,34,M
49384792,Edgardo Morante Torrent,Futbolista,Soltero/a,1930,47,M
32152654,Lara Echevarria Macias,Medico,Soltero/a,4367,40,M
4565215,Severino Montenegro Barriga,Contador,Soltero/a,8299,44,M
69426279,Sandra Macias Armas,Ingeniero,Viudo/a,10159,80,F
67486009,Judith Calleja,Tecnico de laboratorio,Casado/a,7512,41,M
70976343,Ciro Batlle Alegria,Bombero,Divorciado/a,8297,77,M
79614043,Eutimio de Samper,Abogado,Viudo/a,4212,77,M
82323452,Apolonia de Machado,Ingeniero,Divorciado/a,4751,20,M
69472972,Ingrid Hierro Tudela,Comerciante,Soltero/a,1502,64,M
4007194,Amalia Ferran Cervera,Docente,Viudo/a,8127,23,M
60464633,Nicanor Jenaro Cueto Posada,Enfermero,Soltero/a,1316,22,F
2930637,Moises Vizcaino Nicolas,Analista de datos,Casado/a,19986,73,F
27309762,Octavia de Tur,Carpintero,Viudo/a,1119,76,F
82111197,Prudencio Ferrer Cuervo,Gerente,Divorciado/a,7768,51,M
23138907,Fabio Santana Salazar,Carpintero,Viudo/a,13837,50,M
84273454,Manu Madrid-Cerro,Electricista,Soltero/a,6158,44,M
27649088,Teresita Moya Arcos,Medico,Divorciado/a,8232,46,M
58414384,Juana Barrio,Comerciante,Soltero/a,1765,22,M
28851493,Angel Bou Pol,Policia,Divorciado/a,2548,69,F
60203924,Dan Saldana,Cientifico,Casado/a,18390,76,M
25190949,Silvestre Conesa Guillen,Chef,Soltero/a,1545,54,M
48902072,Judith Montana,Plomero,Viudo/a,3113,42,F
87144036,Hipolito Cozar Chacon,Agricultor,Soltero/a,5023,77,F
26871002,Ariadna Aller-Asenjo,Docente,Viudo/a,11265,78,F
25664469,Fernando Calleja Ayllon,Biotecnologo,Soltero/a,3087,46,F
6928925,Etelvina Aguilar-Sole,Bombero,Divorciado/a,7165,70,F
52744183,Lisandro Morata Barriga,Disenador,Soltero/a,6964,73,F
77234222,Amanda Soto Santos,Cantante,Viudo/a,4405,65,M
76468802,Fabiana Martin,Electricista,Divorciado/a,7282,46,F
38221695,Julio Cesar Almeida Galindo,Carpintero,Soltero/a,3482,74,F
1027844,Brunilda del Haro,Psicologo,Viudo/a,2450,47,M
70664090,Francisco Javier Alemany Tellez,Veterinario,Viudo/a,9418,65,M
69090707,Angelina Catalina Barbero Nicolau,Enfermero,Divorciado/a,10249,77,M
13504239,Jacinta Canton,Cientifico,Casado/a,11815,41,F
79479388,Fermin Carbo Arnal,Actor,Divorciado/a,1903,32,M
67159209,Aaron Sola,Arquitecto,Soltero/a,7356,45,F
76314348,Silvestre Morillo-Barrio,Cantante,Soltero/a,1181,55,M
25368426,Lina Jauregui Casanovas,Gerente,Casado/a,16449,63,M
29427211,Sancho Linares Angel,Electricista,Viudo/a,4804,54,M
81408627,Zaira Chus Huerta Losa,Marketing Digital,Soltero/a,10965,62,M
75269546,Florencia Llano Barbera,Programador,Soltero/a,1314,74,F
64280902,Jenaro Plinio Fiol Nicolau,Cantante,Soltero/a,1963,63,M
86188357,Francisco Jose Carranza Gutierrez,Docente,Viudo/a,5409,24,F
12753272,Leocadia Avila Plana,Docente,Soltero/a,6803,67,F
80134421,Anacleto Cisneros Esteban,Arquitecto,Viudo/a,16569,56,M
75708643,Anselma de Castello,Plomero,Divorciado/a,1151,38,F
59490182,Plinio Alfaro Torrents,Cantante,Casado/a,4824,78,M
86937899,Barbara Macarena Atienza Gimenez,Electricista,Divorciado/a,1380,36,M
43863016,Florina Roura Bastida,Abogado,Divorciado/a,5566,18,F
7454016,Norberto Carretero Macias,Ingeniero,Casado/a,8698,38,F
83889625,Fortunata Prada Quero,Veterinario,Divorciado/a,3279,65,M
1977470,Diana Cabrero-Alcantara,Contador,Divorciado/a,6266,32,F
43457351,Esmeralda Antunez Pizarro,Abogado,Casado/a,1653,23,F
78611168,Danilo Cruz Mugica,Programador,Divorciado/a,1407,71,M
33637651,Ivan Figueras Atienza,Bombero,Divorciado/a,10232,41,F
64057214,Griselda Arteaga Vega,Futbolista,Viudo/a,3562,57,F
56104212,Isidoro Alegria Acosta,Tecnico de laboratorio,Divorciado/a,3759,72,F
24173685,Rosa Marisela Rovira Gimeno,Enfermero,Soltero/a,2180,56,F
48556843,Mirta Vergara Goni,Agricultor,Viudo/a,7854,27,F
39048090,Quirino Salas Barbero,Disenador,Viudo/a,1776,51,F
54728678,Teo Valero Caballero Ibarra,Policia,Casado/a,4491,56,F
51097168,Abilio Sastre Espejo,Tecnico de laboratorio,Divorciado/a,2620,64,M
98361332,Gabriela Izquierdo,Cantante,Soltero/a,3699,26,F
16669369,Esther Tere Valbuena Solera,Psicologo,Divorciado/a,4509,53,F
81060145,Juan Carlos Chico Roman,Policia,Soltero/a,10886,36,M
75151509,Juan Francisco Loreto Blazquez Morata,Biotecnologo,Viudo/a,9646,59,F
33070497,Arturo Herranz Sancho,Medico,Casado/a,9096,24,F
70914215,Pilar Azeneth Alemany Ibanez,Disenador,Soltero/a,14745,51,M
76331592,Nidia Figuerola Rosa,Cantante,Divorciado/a,8850,66,F
59064615,Fabiola de Molins,Analista de datos,Soltero/a,6424,61,F
3098509,Olegario Llopis Vallejo,Agricultor,Casado/a,6997,18,M
53689121,Purificacion Begona Mascaro Mercader,Cientifico,Divorciado/a,2007,33,M
98282443,Victorino Carbo Checa,Contador,Casado/a,14676,23,F
54442027,Rufino Aznar Campo,Comerciante,Soltero/a,5497,60,F
45233525,Victorino Mas-Cuesta,Chef,Casado/a,8849,72,M
15734453,Catalina Evangelina Pastor Alcazar,Carpintero,Casado/a,5364,40,M
79469408,Inocencio Marino Pinedo,Veterinario,Divorciado/a,10448,23,M
5018819,Ester de Sanmiguel,Biotecnologo,Soltero/a,3163,66,F
68588272,Victor Pera Cortes,Consultor,Casado/a,1703,36,F
54339081,Rocio Iglesias Maza,Chef,Divorciado/a,1710,52,F
1773565,Maura Nuria Banos Echevarria,Actor,Soltero/a,4446,60,M
41992452,Soledad Figueroa Cordoba,Cantante,Soltero/a,8497,55,M
29020979,Galo Alba Lorenzo,Tecnico de laboratorio,Casado/a,2086,73,M
20631888,Basilio Victor Manuel Torrijos Borras,Contador,Casado/a,7665,19,F
29423189,Inigo Victoriano Cabanas Feliu,Carpintero,Divorciado/a,1499,56,M
51581748,Liliana Torrens Guerra,Agricultor,Soltero/a,7509,51,M
96579394,Ingrid Requena-Haro,Tecnico de laboratorio,Viudo/a,7751,49,F
63741882,Charo Fiol-Valdes,Plomero,Viudo/a,9855,20,F
96703405,Samuel Luis Amador,Cientifico,Soltero/a,3784,59,M
50707804,Juan Bautista Pablo Talavera,Fotografo,Soltero/a,4015,27,M
35779781,Aurelio Carrasco Julian,Actor,Casado/a,9882,57,F
72731560,Teodora Estevez Pujol,Policia,Casado/a,7698,47,F
30212240,Gilberto Paniagua Viana,Fotografo,Casado/a,6646,48,M
62269563,Emiliano Caballero Quiroga,Plomero,Divorciado/a,5004,72,M
78144016,Jose Carlos Candelario Zabala Rocha,Tecnico de laboratorio,Casado/a,1085,66,M
49889322,Delfina Gordillo,Disenador,Divorciado/a,2597,29,M
19441397,Emigdio Cerdan Alegre,Medico,Casado/a,14954,75,F
66743674,Valeria Villar Diez,Agricultor,Viudo/a,1037,67,M
83903414,Olegario Mugica Esteve,Analista de datos,Soltero/a,9566,22,M
80104983,Elena Torralba Andreu,Medico,Divorciado/a,2803,73,M
84381961,Benjamin Climaco Barrios Sacristan,Psicologo,Divorciado/a,9667,35,F
74345142,Maite Duran Aznar,Policia,Casado/a,3099,80,M
5707026,Cristian Barcena Clavero,Contador,Soltero/a,15427,21,F
67432301,Pepito de Boada,Enfermero,Viudo/a,2208,59,M
36507075,Saturnino Rincon Suarez,Enfermero,Viudo/a,1352,49,M
44080661,Teobaldo del Sala,Chef,Divorciado/a,15917,49,M
66291436,Renato Alarcon Arco,Biotecnologo,Divorciado/a,2496,58,F
75468045,Alejandra Montenegro Alberdi,Ingeniero,Viudo/a,9277,77,M
26501477,Obdulia Segura,Arquitecto,Divorciado/a,10014,77,F
63534997,Maria Dolores Salva Conesa,Veterinario,Divorciado/a,6597,43,F
6547091,Casemiro Sierra,Contador,Viudo/a,5512,45,M
48203710,Lucia Garmendia,Docente,Divorciado/a,1128,75,M
32859265,Lalo Davila Saez,Chef,Casado/a,2090,60,F
24042516,Marino Coello Batlle,Psicologo,Divorciado/a,5052,48,F
81624975,Tecla Pombo Real,Comerciante,Casado/a,4704,63,M
87579943,Urbano Barbera Baro,Electricista,Soltero/a,1227,32,F
54170035,Lazaro Sancho Saez,Contador,Casado/a,14588,20,M
76946363,Fermin Morera Chaves,Cientifico,Soltero/a,7273,20,M
26030281,Marisela Arino,Bombero,Divorciado/a,1084,52,F
55444350,Emelina Lidia Arranz Robles,Disenador,Viudo/a,2051,24,M
35174800,Tono Mulet Lujan,Electricista,Soltero/a,18068,50,F
65695652,Simon Melero Donaire,Marketing Digital,Divorciado/a,8764,51,F
99643793,Africa Ramis Marco,Consultor,Divorciado/a,7555,45,M
5544975,Feliciana Guillen Mariscal,Abogado,Divorciado/a,8174,44,M
31691966,Itziar Fernandez,Carpintero,Casado/a,7801,68,F
5585696,Trinidad Ayllon Blasco,Enfermero,Casado/a,3430,35,F
37278882,Abel Cantero,Electricista,Casado/a,14129,29,F
12443668,Jacinta Quiros Almansa,Policia,Divorciado/a,6907,24,M
60394532,Eloy de Alcaraz,Contador,Viudo/a,1157,55,M
97088311,Pascuala Castaneda Ayuso,Tecnico de laboratorio,Casado/a,5149,36,M
48735318,Lucila Villalonga Zabaleta,Bombero,Casado/a,3252,35,M
59909727,Victor Sole Gascon,Analista de datos,Viudo/a,3205,74,F
35684444,Maria Jesus Muniz Manuel,Ingeniero,Divorciado/a,1080,39,F
35909423,Abigail Abad Pla,Veterinario,Divorciado/a,11355,48,F
20526728,Amada Salcedo Vega,Futbolista,Viudo/a,2789,55,M
41517574,Aureliano Carro Angel,Comerciante,Viudo/a,5679,52,F
7414842,Ricardo Sancho Vila Cabanillas,Electricista,Viudo/a,10881,52,M
90781332,Rosalva Duarte Lujan,Disenador,Viudo/a,11519,79,M
58478059,German Aparicio Giron,Disenador,Divorciado/a,5754,20,F
55074360,Yessica Alvarado Arco,Arquitecto,Soltero/a,4249,68,M
77636911,Martina Nogues-Acosta,Fotografo,Viudo/a,4584,19,F
81907574,Juan Manuel Cabrera Arcos,Plomero,Divorciado/a,3768,22,F
60945132,Natalio Portillo Samper,Psicologo,Viudo/a,1228,51,M
40382427,Clara Ramirez Acedo,Analista de datos,Soltero/a,8531,23,F
88004761,Yago Almazan Alsina,Ingeniero,Viudo/a,16338,21,M
43854454,Domitila Garmendia Guerra,Fotografo,Viudo/a,9738,22,M
35868979,Alfredo Diaz Ferrero,Disenador,Casado/a,18309,21,M
98794688,Miguela Calzada Salom,Cantante,Soltero/a,19372,64,M
85260085,Angelica Vallejo Aguilo,Gerente,Soltero/a,7702,49,M
92613484,Silvia del Artigas,Ingeniero,Viudo/a,2688,63,M
48188370,Marino Canals,Disenador,Divorciado/a,3716,55,F
12337829,Clementina Delgado Navas,Bombero,Viudo/a,6216,27,F
69868172,Isabela Porras Segui,Gerente,Viudo/a,2826,59,M
73077542,Regulo Viana,Marketing Digital,Viudo/a,5757,24,F
38815001,Miriam Borras Seco,Contador,Soltero/a,7336,44,F
67704816,Luisa del Peinado,Futbolista,Viudo/a,1985,27,F
38425442,Carla Bautista-Oller,Fotografo,Divorciado/a,5609,19,F
42815438,Azucena Requena Jaume,Carpintero,Viudo/a,14990,61,M
54163744,Macaria Manrique Briones,Policia,Soltero/a,1748,56,M
94164430,Toni Nogueira Gallardo,Abogado,Soltero/a,13450,38,M
83140042,Bautista Mendez Marino,Ingeniero,Soltero/a,4982,54,M
68712246,Salvador de Antunez,Abogado,Divorciado/a,14340,79,M
92006579,Patricia Rebollo Cordoba,Plomero,Divorciado/a,6977,26,F
67626255,Enrique Chaparro Pineda,Electricista,Soltero/a,4092,23,F
